label	x_lm_0	y_lm_0	x_lm_1	y_lm_1	x_lm_2	y_lm_2	x_lm_3	y_lm_3	x_lm_4	y_lm_4	x_lm_5	y_lm_5	x_lm_6	y_lm_6	x_lm_7	y_lm_7	x_lm_8	y_lm_8	x_lm_9	y_lm_9	x_lm_10	y_lm_10	x_lm_11	y_lm_11	x_lm_12	y_lm_12	x_lm_13	y_lm_13	x_lm_14	y_lm_14	x_lm_15	y_lm_15	x_lm_16	y_lm_16	x_lm_17	y_lm_17	x_lm_18	y_lm_18	x_lm_19	y_lm_19	x_lm_20	y_lm_20	x_lm_21	y_lm_21	x_lm_22	y_lm_22	x_lm_23	y_lm_23	x_lm_24	y_lm_24	x_lm_25	y_lm_25	x_lm_26	y_lm_26	x_lm_27	y_lm_27	x_lm_28	y_lm_28	x_lm_29	y_lm_29	x_lm_30	y_lm_30	x_lm_31	y_lm_31	x_lm_32	y_lm_32
arms_crossed_refusal	0.5421885251998901	0.4763651490211487	0.5528814196586609	0.45381152629852295	0.5597224831581116	0.453031063	0.5655597448348999	0.45250335335731506	0.5316206216812134	0.4567171037197113	0.5249199271202087	0.45759865641593933	0.5189045667648315	0.45816871523857117	0.5741373300552368	0.4601501226425171	0.5151261687278748	0.46528834104537964	0.5567376613616943	0.49354344606399536	0.5317962765693665	0.4964635670185089	0.6148579120635986	0.5639640092849731	0.49537673592567444	0.5722718834877014	0.5917391180992126	0.7062124013900757	0.4385656714439392	0.6928755044937134	0.5000775456428528	0.7049720287322998	0.4681529998779297	0.6563637852668762	0.4627463221549988	0.713057816	0.47327113151550293	0.6577738523483276	0.46163854002952576	0.6912233233451843	0.4780781865119934	0.6379016041755676	0.4690958857536316	0.6858228445053101	0.4784523844718933	0.6460400223731995	0.6081531643867493	0.8744632601737976	0.5251345038414001	0.8775113224983215	0.6266142725944519	1.1073249578475952	0.5375131368637085	1.104382038116455	0.6411789059638977	1.3307124376296997	0.5578808188438416	1.3271863460540771	0.6486855745315552	1.3633369207382202	0.5617889165878296	1.3627053499221802	0.6190693378448486	1.4010871648788452	0.5552975535392761	1.3870031833648682
slouching	0.5264865756034851	0.495187908	0.5490469336509705	0.4359532296657562	0.5628186464309692	0.4350070059299469	0.5751043558120728	0.4337438642978668	0.5059490203857422	0.43348127603530884	0.49025216698646545	0.4310232400894165	0.47379809617996216	0.4284902513027191	0.5807092785835266	0.4342542588710785	0.4443832337856293	0.42916151881217957	0.5428602695465088	0.5474494695663452	0.4955614507198334	0.5485296249389648	0.6571202278137207	0.6671174764633179	0.3186735212802887	0.6812284588813782	0.7095707058906555	1.0209251642227173	0.3193548321723938	1.0123916864395142	0.7527896165847778	1.3311949968338013	0.3611094653606415	1.3917433023452759	0.7824138402938843	1.4301813840866089	0.35074204206466675	1.5129019021987915	0.748292089	1.4323521852493286	0.398781419	1.5116535425186157	0.7272683382034302	1.3991503715515137	0.4068925976753235	1.4664677381515503	0.6356115937232971	1.3158291578292847	0.3987669348716736	1.3243299722671509	0.6541444063186646	1.831288456916809	0.4385485053062439	1.8467084169387817	0.6592285633087158	2.318624735	0.4357083737850189	2.3497705459594727	0.654344916	2.405160427093506	0.42117762565612793	2.434786319732666	0.6768307685852051	2.4643709659576416	0.5137268900871277	2.499521017074585
neutral_standing	0.5454480648040771	0.5757959485054016	0.5650078058242798	0.513199508	0.5779918432235718	0.5093981623649597	0.5896233320236206	0.5042768716812134	0.5236968994140625	0.5108155608177185	0.5077353715896606	0.5044821500778198	0.49032139778137207	0.4971129298210144	0.5913980007171631	0.4849525988101959	0.4484708905220032	0.48110464215278625	0.5572138428688049	0.6095798015594482	0.5100367069244385	0.6120901703834534	0.6561341881752014	0.6366633772850037	0.31573399901390076	0.7076338529586792	0.7670292854309082	0.9590142369270325	0.32085955142974854	1.0274009704589844	0.8299144506454468	1.2388523817062378	0.3399714529514313	1.3520314693450928	0.8701887130737305	1.3163703680038452	0.31814849376678467	1.4543687105178833	0.8336688876152039	1.3304588794708252	0.3569805920124054	1.4599026441574097	0.8095232248306274	1.3071128129959106	0.36991581320762634	1.419847846031189	0.6484622359275818	1.2580000162124634	0.4126805365085602	1.2874279022216797	0.6578928232192993	1.7495213747024536	0.44176954	1.8065565824508667	0.6703469753265381	2.200187921524048	0.45202770829200745	2.2601964473724365	0.6732715368270874	2.2768566608428955	0.4449944496154785	2.331110954284668	0.6590455770492554	2.3393335342407227	0.5155969858169556	2.4082443714141846
slouching	0.5904778242111206	0.42329931259155273	0.6029335856437683	0.38759416341781616	0.6122912764549255	0.3886353075504303	0.6209062933921814	0.3895859718322754	0.5731120109558105	0.3860258162021637	0.5614742636680603	0.385894239	0.549044132	0.3860660195350647	0.6343373656272888	0.41088131070137024	0.5299628973007202	0.40462642908096313	0.6079992055892944	0.4556301534175873	0.5710010528564453	0.4538762867450714	0.6947804689407349	0.606929362	0.4625556468963623	0.6128358244895935	0.8118066787719727	0.7971972227096558	0.4296741485595703	0.8338999152183533	0.8482917547225952	0.7095178961753845	0.4653828740119934	0.9337764978408813	0.8443032503128052	0.6573678255081177	0.46141529083251953	0.9742727875709534	0.8412240743637085	0.6330581307411194	0.4792715013027191	0.9617782831192017	0.8200761675834656	0.6518273949623108	0.4855920672416687	0.9494304060935974	0.6661149859428406	1.0665043592453003	0.5165570974349976	1.0615977048873901	0.677811861	1.4118735790252686	0.5412194728851318	1.4063200950622559	0.6797178387641907	1.7505910396575928	0.5561842918395996	1.7477728128433228	0.6799618005752563	1.799794078	0.5536116361618042	1.8053405284881592	0.6824320554733276	1.845932126045227	0.5798420310020447	1.8436607122421265
arms_crossed_refusal	0.6920039057731628	0.37601080536842346	0.7043322324752808	0.34461626410484314	0.7121713161468506	0.3452301025390625	0.7201521396636963	0.3457212746143341	0.6782702207565308	0.343051016	0.6670853495597839	0.34265437722206116	0.6553186178207397	0.3426141142845154	0.7285836338996887	0.36888667941093445	0.6384444832801819	0.36265984177589417	0.7081035375595093	0.4095962941646576	0.6737616658210754	0.40918058156967163	0.8011272549629211	0.5768749117851257	0.5751038789749146	0.5668821930885315	0.863972008	0.8817542791366577	0.5522127151489258	0.8322976231575012	0.8272923231124878	0.7234569787979126	0.6525233387947083	0.7997544407844543	0.818564773	0.6821394562721252	0.6564670205116272	0.8064165711402893	0.8231335878372192	0.6422209143638611	0.6746771931648254	0.7755295038223267	0.8169099688529968	0.6614230275154114	0.6757939457893372	0.7711510062217712	0.7739086747169495	1.0297813415527344	0.6177207827568054	1.0320374965667725	0.7758834362030029	1.37422514	0.6297680735588074	1.3976339101791382	0.776915431	1.7006744146347046	0.6380607485771179	1.7341076135635376	0.7829203605651855	1.7559605836868286	0.6377502083778381	1.786915898323059	0.7618353962898254	1.794861078262329	0.6503735780715942	1.8302738666534424
arms_crossed_refusal	0.5798395872116089	0.45603182911872864	0.5994824171066284	0.41221410036087036	0.6117318868637085	0.4118175208568573	0.6232752203941345	0.41123679280281067	0.5599181652069092	0.41163918375968933	0.5457767248153687	0.41120320558547974	0.5323923826217651	0.41120338439941406	0.6359813809394836	0.4223311245441437	0.5138972997665405	0.4236453175544739	0.602952242	0.5033870339393616	0.5542761087417603	0.5062260627746582	0.739938498	0.6596362590789795	0.4246785044670105	0.6784414052963257	0.7825506925582886	1.0053642988204956	0.40356746315956116	0.9857150316238403	0.5126811265945435	0.8774198889732361	0.6025853753089905	1.053740382194519	0.4524771273136139	0.8580896258354187	0.644263744	1.090842843055725	0.45812782645225525	0.802969217	0.6383161544799805	1.0426722764968872	0.4724322259426117	0.81986773	0.6308300495147705	1.0345158576965332	0.7258860468864441	1.2577507495880127	0.4878157079219818	1.2691757678985596	0.7303920984268188	1.7658061981201172	0.5103794932365417	1.7932771444320679	0.7395642995834351	2.260047197341919	0.52006942	2.2772116661071777	0.7439332008361816	2.3262827396392822	0.5188157558441162	2.3350186347961426	0.714793324	2.4079220294952393	0.5480954647064209	2.438006639480591
head_down_inactive	0.508915365	0.7384235262870789	0.5380797386169434	0.6604921817779541	0.5561637282371521	0.651421845	0.5729979276657104	0.638766348	0.4925200343132019	0.6590259075164795	0.4771599769592285	0.649098814	0.4603769779205322	0.6386059522628784	0.5861226916313171	0.5850178003311157	0.43089500069618225	0.5812313556671143	0.5333384275436401	0.7502845525741577	0.4738767147064209	0.7472113370895386	0.6840957999229431	0.7258546948432922	0.2603513300418854	0.7156213521957397	0.785598636	1.1506778001785278	0.10247020423412323	1.0499587059020996	0.8006860017776489	1.5275003910064697	0.052553408	1.4121235609054565	0.8263345956802368	1.650994062423706	0.021178182	1.5003514289855957	0.7968119382858276	1.6411525011062622	0.054982483	1.5002659559249878	0.7773452997207642	1.6020690202713013	0.07551083	1.4724570512771606	0.606461227	1.4687061309814453	0.31278568506240845	1.4667226076126099	0.6035043001174927	2.103295087814331	0.3240275979042053	2.0952060222625732	0.5789686441421509	2.6853535175323486	0.31798145174980164	2.6711854934692383	0.5709815621376038	2.772104024887085	0.3026859164237976	2.745750904083252	0.5537569522857666	2.868726968765259	0.3692212402820587	2.8809707164764404
arms_crossed_refusal	0.5813808441162109	0.45782095193862915	0.6037319898605347	0.4115730822086334	0.6154674887657166	0.41200777888298035	0.6265215277671814	0.4121318459510803	0.5608500242233276	0.40857309103012085	0.5453768372535706	0.4075552821159363	0.5302383899688721	0.40696001052856445	0.6376399397850037	0.42299577593803406	0.5111311674118042	0.41745248436927795	0.6038872599601746	0.5087222456932068	0.552210808	0.5106515884399414	0.7360135912895203	0.6356709599494934	0.41901564598083496	0.688732386	0.8528926968574524	0.9726607203483582	0.3311000466346741	0.9905203580856323	0.6143816113471985	0.8706396222114563	0.24497263133525848	1.0607850551605225	0.566707194	0.8574890494346619	0.21292650699615479	1.0917646884918213	0.5394300222396851	0.8071948885917664	0.21726858615875244	1.0575090646743774	0.5506830811500549	0.8232867121696472	0.23487181961536407	1.0504475831985474	0.741381824	1.2706735134124756	0.48940935730934143	1.2981635332107544	0.7435014843940735	1.7686158418655396	0.5137830972671509	1.8004519939422607	0.7585199475288391	2.2847981452941895	0.526499867	2.3280892372131348	0.7677239179611206	2.3603713512420654	0.5224291682243347	2.404707193374634	0.7216401100158691	2.434180974960327	0.5642436742782593	2.4714367389678955
arms_crossed_refusal	0.2688595950603485	0.37904971837997437	0.29444652795791626	0.34750890731811523	0.30849340558052063	0.35067418217658997	0.32128462195396423	0.35357391834259033	0.2529520094394684	0.3433900475502014	0.23892763257026672	0.3438483476638794	0.22638221085071564	0.3447728455066681	0.33926835656166077	0.3840653598308563	0.21347706019878387	0.3714257776737213	0.2951507568359375	0.4304092824459076	0.24053673446178436	0.42080435156822205	0.4078616499900818	0.6232172846794128	0.1178160160779953	0.5987491607666016	0.3127317726612091	0.8460947871208191	-0.112655364	0.7145010232925415	0.082628615	0.8505796194076538	0.043557335	0.7199928164482117	0.01735634	0.8939399719238281	0.063114479	0.7539952993392944	0.009963213	0.8582731485366821	0.11350681632757187	0.7285131216049194	0.032639377	0.8517895340919495	0.097873159	0.7323309779167175	0.3210204243659973	1.2222343683242798	0.12037847191095352	1.197905421257019	0.3103051781654358	1.5934016704559326	0.11425167322158813	1.6193938255310059	0.32144641876220703	2.0874624252319336	0.10961105674505234	2.1277835369110107	0.3293240964412689	2.1598217487335205	0.11423201858997345	2.2064170837402344	0.27432334423065186	2.224682569503784	0.084221736	2.2593417167663574
sitting_neutral	0.4862847328186035	0.40083929896354675	0.5074729323387146	0.3583999276161194	0.5194889307022095	0.3602306544780731	0.5311530828475952	0.3620523512363434	0.4713985323905945	0.35470840334892273	0.45838212966918945	0.3542240858078003	0.4457791745662689	0.35392051935195923	0.5445451736450195	0.38444364070892334	0.4258400797843933	0.3742823302745819	0.5071507096290588	0.4462922215461731	0.4603239595890045	0.4422340393066406	0.6386922597885132	0.6654387712478638	0.30650562047958374	0.6558412313461304	0.7255491614341736	0.9525264501571655	0.2239266186952591	0.9581760764122009	0.7924986481666565	1.2620657682418823	0.09949632	1.1972593069076538	0.8238957524299622	1.364612102508545	0.046741388738155365	1.2738471031188965	0.7886438369750977	1.3681977987289429	0.067252696	1.2776679992675781	0.7730520367622375	1.3301984071731567	0.089888237	1.249009609222412	0.5804754495620728	1.3141015768051147	0.3541346788406372	1.319021463394165	0.5899784564971924	1.8596571683883667	0.36954063177108765	1.840980887413025	0.6192700266838074	2.340087891	0.4023858606815338	2.336297035217285	0.6321910619735718	2.4193084239959717	0.40553778409957886	2.4155325889587402	0.5779750943183899	2.460826873779297	0.4208369851112366	2.4631199836730957
phone_hunch	0.5667499899864197	0.6376279592514038	0.5924920439720154	0.5756404399871826	0.6077397465705872	0.5714482665061951	0.620752752	0.5658903121948242	0.5512163639068604	0.5724954009056091	0.5366261005401611	0.5657349824905396	0.5213791728019714	0.5588409900665283	0.6284328103065491	0.5259333848953247	0.49127620458602905	0.5237862467765808	0.5838813185691833	0.662938654	0.5350119471549988	0.6553701162338257	0.7148578763008118	0.6791741251945496	0.3565862774848938	0.690429688	0.7854400873184204	1.090972661972046	0.35811010003089905	1.0984488725662231	0.6543787717819214	0.9641469120979309	0.5406450629234314	1.0215359926223755	0.6346947550773621	0.9635351300239563	0.5877160429954529	1.0173180103302002	0.6226675510406494	0.9043611288070679	0.5865289568901062	0.9422787427902222	0.6199902296066284	0.9100901484489441	0.5683583617210388	0.9408410787582397	0.6687530279159546	1.2965242862701416	0.42181071639060974	1.296005129814148	0.6735790371894836	1.825644850730896	0.4448753893375397	1.8385727405548096	0.6645233631134033	2.303929328918457	0.44694948196411133	2.2982542514801025	0.6622194051742554	2.3742573261260986	0.4394984841346741	2.355447531	0.6499492526054382	2.4442780017852783	0.4844077527523041	2.4639132022857666
sweeping_motion	0.4828013777732849	0.419725627	0.5053354501724243	0.3731090724468231	0.517183244	0.3747382164001465	0.5281234383583069	0.3771038353443146	0.46743208169937134	0.36623629927635193	0.45170068740844727	0.36303186416625977	0.43570464849472046	0.35998353362083435	0.5330445766448975	0.3939625322818756	0.3989826738834381	0.36867091059684753	0.4926036	0.47657251358032227	0.4431781768798828	0.4740060567855835	0.6228301525115967	0.6823721528053284	0.2575874328613281	0.6109467148780823	0.7586770057678223	1.0115752220153809	0.063279271	0.9135200381278992	0.5044821500778198	0.8265584707260132	0.20568111538887024	0.8849660158157349	0.453131765	0.7891417145729065	0.25355154275894165	0.8745094537734985	0.4308413565158844	0.7169830799102783	0.28117576241493225	0.8027843832969666	0.4423483908176422	0.7475450038909912	0.27234748005867004	0.8105080723762512	0.5536800026893616	1.2886872291564941	0.2977008819580078	1.254194974899292	0.5413538217544556	1.7710286378860474	0.30803102254867554	1.7275195121765137	0.5338537096977234	2.3458826541900635	0.3054569363594055	2.2724578380584717	0.5321434140205383	2.432926654815674	0.3044421076774597	2.351870536804199	0.504530668	2.5013608932495117	0.32199493050575256	2.426189661026001
wiping_table	0.4397056996822357	0.4050622880458832	0.4552396833896637	0.34704017639160156	0.46915993094444275	0.34468358755111694	0.48179513216018677	0.3427533209323883	0.409323514	0.3540970981121063	0.39314210414886475	0.35649770498275757	0.3775762915611267	0.3590453863143921	0.4951654076576233	0.35667845606803894	0.3555561900138855	0.37553656101226807	0.47175946831703186	0.4631381332874298	0.41343268752098083	0.47338059544563293	0.6429105997085571	0.6599578857421875	0.23683850467205048	0.6866683959960938	0.9215947389602661	0.8442183136940002	0.13569916784763336	1.0533150434494019	0.6606113910675049	0.8112858533859253	0.23779746890068054	1.2732576131820679	0.617738664	0.8437989354133606	0.24276182055473328	1.376809000968933	0.5544030666351318	0.8234354257583618	0.29268139600753784	1.3581129312515259	0.5544907450675964	0.8267518877983093	0.29465192556381226	1.3256951570510864	0.6200233697891235	1.4357060194015503	0.3208879828453064	1.4569259881973267	0.6255125999450684	2.1047773361206055	0.33549052476882935	2.1008872985839844	0.6239056587219238	2.687931776046753	0.35483941435813904	2.6772847175598145	0.6190053820610046	2.780139684677124	0.3471519947052002	2.7649943828582764	0.618949831	2.841221570968628	0.4063636362552643	2.8404736518859863
folding_clothes_motion	0.5672882199287415	0.40892037749290466	0.5620730519294739	0.36196961998939514	0.5671308040618896	0.35950157046318054	0.5725129246711731	0.3568003475666046	0.5392739772796631	0.3652958273887634	0.5271674394607544	0.36535120010375977	0.5131418704986572	0.36435529589653015	0.5553539395332336	0.3693698048591614	0.45642852783203125	0.3810129761695862	0.5755321383476257	0.46120721101760864	0.5417306423187256	0.4669702649116516	0.6211753487586975	0.6546367406845093	0.2808634042739868	0.6305313110351562	0.6680461168289185	0.8609424233436584	0.16990603506565094	0.7498655915260315	0.7056254148483276	0.6652572751045227	0.5170662999153137	0.5914235711097717	0.7459889650344849	0.5908563733100891	0.610866368	0.5713363289833069	0.7400575876235962	0.5767427682876587	0.6293582916259766	0.5511441826820374	0.7100048661231995	0.6079333424568176	0.6022124886512756	0.581258237	0.5851921439170837	1.3307528495788574	0.3468603491783142	1.3415417671203613	0.5721327662467957	1.768777609	0.3453505039215088	1.772178053855896	0.5636721849441528	2.3128793239593506	0.36212217807769775	2.2832963466644287	0.5682805776596069	2.3900210857391357	0.36482757329940796	2.3642637729644775	0.5309848785400391	2.470595598220825	0.36695924401283264	2.4436612129211426
carrying_laundry	0.46732401847839355	0.4156613051891327	0.4789174497127533	0.35953277349472046	0.48998722434043884	0.358769953	0.5006746053695679	0.3583284020423889	0.4408804476261139	0.36170294880867004	0.42371487617492676	0.36268186569213867	0.40479135513305664	0.36426156759262085	0.506756604	0.3756406009197235	0.36128729581832886	0.38521772623062134	0.48339134454727173	0.4683118164539337	0.4394032061100006	0.47858646512031555	0.5889240503311157	0.6575896143913269	0.23843280971050262	0.6665526032447815	0.814984918	0.9199427962303162	0.2706635594367981	1.018636942	0.7133232951164246	0.6541786193847656	0.47114548087120056	0.8005858659744263	0.703572154	0.5569328665733337	0.5155395269393921	0.7565621137619019	0.6789222359657288	0.5350475907325745	0.5151946544647217	0.7081860303878784	0.6663064360618591	0.5671783685684204	0.507202148	0.7318573594093323	0.5668111443519592	1.3810652494430542	0.3030526638031006	1.3833142518997192	0.5994840860366821	1.973042368888855	0.35418176651000977	1.967682957649231	0.6164314150810242	2.4848427772521973	0.3768872618675232	2.4971730709075928	0.6165324449539185	2.562328815460205	0.36443522572517395	2.569622278213501	0.6311562061309814	2.625211000442505	0.4460931718349457	2.6564903259277344
reading_time	0.48074179887771606	0.47062718868255615	0.5012703537940979	0.3992671072483063	0.5139445066452026	0.3967626392841339	0.5259724259376526	0.3943748474121094	0.45868927240371704	0.39935606718063354	0.43970879912376404	0.39684760570526123	0.4197017252445221	0.39436861872673035	0.5308693647384644	0.39837518334388733	0.38140514492988586	0.3962474465370178	0.4956706464290619	0.5232239961624146	0.44371145963668823	0.5300389528274536	0.6333884596824646	0.6709873080253601	0.21437761187553406	0.6955252885818481	0.7293119430541992	1.1817785501480103	0.1239246129989624	1.1086055040359497	0.5977859497070312	0.9082431793212891	0.31164994835853577	0.9619031548500061	0.5646262764930725	0.8292849063873291	0.3257816433906555	0.8755906224250793	0.5788049697875977	0.7532951831817627	0.32294589281082153	0.8034125566482544	0.5680743455886841	0.7853879332542419	0.3264315128326416	0.8333504796028137	0.6107722520828247	1.3680397272109985	0.30252426862716675	1.3732777833938599	0.6054669618606567	1.9840621948242188	0.3316655457019806	2.017064332962036	0.5988117456436157	2.541623830795288	0.32462435960769653	2.5401599407196045	0.6036806702613831	2.620094060897827	0.3191850781440735	2.6070034503936768	0.5646547675132751	2.717440128326416	0.368120939	2.728320837020874
idle_standing	0.47503361105918884	0.426768035	0.49702033400535583	0.36703431606292725	0.511761487	0.3671072721481323	0.5259326696395874	0.367347777	0.45269232988357544	0.3657587766647339	0.43653512	0.36506086587905884	0.42080315947532654	0.3645154535770416	0.5403812527656555	0.3851032257080078	0.39210182428359985	0.38167187571525574	0.5026084184646606	0.4811692237854004	0.44409146904945374	0.47730594873428345	0.6673547029495239	0.7265366911888123	0.24115577340126038	0.6940768361091614	0.77162689	1.0868960618972778	0.11714331060647964	1.0226022005081177	0.790445089	1.4194200038909912	0.12207512557506561	1.391792655	0.8121930956840515	1.5398235321044922	0.10810166597366333	1.5109230279922485	0.7848731279373169	1.537341594696045	0.14847317337989807	1.500733733177185	0.7703739404678345	1.4944597482681274	0.15794214606285095	1.4599087238311768	0.6076382398605347	1.4856493473052979	0.3302452862262726	1.4776148796081543	0.6296601891517639	2.1091954708099365	0.361479789	2.110668182373047	0.6489044427871704	2.6886022090911865	0.3920278549194336	2.6601338386535645	0.6529222726821899	2.7864434719085693	0.390217662	2.747422456741333	0.6277784705162048	2.8458969593048096	0.43475455045700073	2.822849750518799
neutral_standing	0.5171440243721008	0.5843197107315063	0.5408053994178772	0.5101652145385742	0.5582262873649597	0.5095970630645752	0.5734021067619324	0.5099269151687622	0.49028605222702026	0.4681011736392975	0.4776947498321533	0.46678200364112854	0.4626513123512268	0.46648895740509033	0.5754307508468628	0.5063332915306091	0.43652471899986267	0.47993147373199463	0.5349672436714172	0.6410468220710754	0.47463369369506836	0.6282196044921875	0.6880427598953247	0.7697523236274719	0.22311635315418243	0.7502213716506958	0.7262738943099976	1.1091670989990234	0.1279795616865158	1.102171778678894	0.6972106695175171	1.2718359231948853	0.1357060968875885	1.408395767211914	0.7048621773719788	1.3294928073883057	0.11500614881515503	1.4904757738113403	0.7135705947875977	1.3239573240280151	0.13054253160953522	1.4869409799575806	0.6973588466644287	1.3066202402114868	0.1521306335926056	1.460202932357788	0.5963100790977478	1.4702993631362915	0.31873732805252075	1.4632748365402222	0.5935267210006714	1.8887337446212769	0.3577216565608978	1.7358165979385376	0.5923504829406738	2.4054067134857178	0.43358349800109863	2.181648015975952	0.597801149	2.4733469486236572	0.44838929176330566	2.245682478	0.5619819760322571	2.580167055130005	0.4759463667869568	2.3240230083465576
sweeping_motion	0.4669973850250244	0.5715042352676392	0.4897862374782562	0.4835473597049713	0.5055356025695801	0.47729212045669556	0.5198677182197571	0.4712822139263153	0.43752869963645935	0.4849245250225067	0.42068538069725037	0.4801305830478668	0.40026241540908813	0.4743182063102722	0.5219189524650574	0.4626285135746002	0.37193888425827026	0.472358376	0.49305278062820435	0.6128779649734497	0.4338752329349518	0.613313615	0.6498287916183472	0.7360075116157532	0.20205731689929962	0.7304556369781494	0.7527440786361694	1.2461588382720947	0.12141896784305573	1.1784032583236694	0.6121940016746521	1.0585968494415283	0.3471939265727997	1.0787745714187622	0.5730704069137573	1.0322409868240356	0.3956505060195923	1.0596861839294434	0.5512580871582031	0.9577382206916809	0.41287025809288025	0.9666191339492798	0.5548916459083557	0.9703823924064636	0.3958553671836853	0.9823682308197021	0.5688785910606384	1.4419217109680176	0.27275511622428894	1.4168736934661865	0.5680721998214722	2.0593597888946533	0.297030509	2.051253080368042	0.5466347932815552	2.6599225997924805	0.28990837931632996	2.5863289833068848	0.5451992750167847	2.750929832458496	0.28064796328544617	2.6540675163269043	0.5201882123947144	2.8236777782440186	0.3298586308956146	2.7820546627044678
head_down_inactive	0.5121394395828247	0.6356651186943054	0.5336984992027283	0.5595324039459229	0.5459039211273193	0.5549531579017639	0.5569359064102173	0.5487707853317261	0.4868014454841614	0.5562088489532471	0.46442824602127075	0.5464965105056763	0.44447073340415955	0.5335245728492737	0.5385599136352539	0.5145255923271179	0.4032859802246094	0.5057939291000366	0.5228643417358398	0.6625516414642334	0.46343523263931274	0.662730336	0.6471343040466309	0.7479159235954285	0.20152774453163147	0.7581357359886169	0.7156364917755127	1.068640112876892	0.1210782378911972	1.1197203397750854	0.6417242884635925	1.2091827392578125	0.1592140644788742	1.3926855325698853	0.6255968809127808	1.2511711120605469	0.15420131385326385	1.4738287925720215	0.6256648302078247	1.2252167463302612	0.17289140820503235	1.4659123420715332	0.6203228235244751	1.2132214307785034	0.18565836548805237	1.4359467029571533	0.5788764953613281	1.4218264818191528	0.30249613523483276	1.4411981105804443	0.6072056889533997	1.8982415199279785	0.35334986448287964	1.7875454425811768	0.6087003350257874	2.315178394317627	0.4085768759250641	2.1148335933685303	0.6051539182662964	2.3663084506988525	0.41769272089004517	2.151395320892334	0.600042462	2.476524591445923	0.46187347173690796	2.2613418102264404
arms_crossed_refusal	0.46246591210365295	0.4367199242115021	0.481661856	0.38505735993385315	0.49425235390663147	0.38470834493637085	0.5059223175048828	0.3843246102333069	0.4411954879760742	0.3846665918827057	0.42509692907333374	0.38403505086898804	0.4088274836540222	0.38353604078292847	0.5192523002624512	0.3954576551914215	0.37917816638946533	0.39399322867393494	0.48384445905685425	0.48948076367378235	0.4320124685764313	0.491239071	0.6261528134346008	0.6496280431747437	0.2573055624961853	0.6548576951026917	0.7650130987167358	0.9505837559700012	0.15612342953681946	0.9631736278533936	0.5831623673439026	0.8830379843711853	0.3385254740715027	1.021174430847168	0.5494030117988586	0.849165142	0.38516151905059814	1.0799567699432373	0.5107698440551758	0.8189185857772827	0.41987237334251404	1.0069106817245483	0.5111967325210571	0.8344997763633728	0.411397785	1.0055137872695923	0.5933829545974731	1.3130542039871216	0.3352065086364746	1.3250255584716797	0.6088641285896301	1.8360226154327393	0.35969749093055725	1.8481348752975464	0.6166404485702515	2.3453800678253174	0.3840688169002533	2.3539772033691406	0.6234040856361389	2.420376777648926	0.38947275280952454	2.431300640106201	0.5864192247390747	2.5017964839935303	0.392146498	2.509011745452881
lying_down	0.8058635592460632	0.8768782019615173	0.8478571772575378	0.8128550052642822	0.8490718603134155	0.8206098675727844	0.8497225642204285	0.8251037001609802	0.8384392857551575	0.7980669140815735	0.8366478681564331	0.7881246209144592	0.8251309394836426	0.7742455005645752	0.8276852369308472	0.7997572422027588	0.7744344472885132	0.7109438180923462	0.7710371017456055	0.8795621395111084	0.7473362684249878	0.8469720482826233	0.7176104187965393	0.8515089154243469	0.49183234572410583	0.6628879904747009	0.583816648	1.125957727432251	0.23372092843055725	0.877858579	0.5510419607162476	1.2377452850341797	0.2441459447145462	0.9775844216346741	0.5473088622093201	1.279005765914917	0.24433739483356476	1.0320379734039307	0.5621083974838257	1.2678698301315308	0.2845214307308197	1.0161269903182983	0.5545912981033325	1.2483197450637817	0.2885272204875946	1.0081101655960083	0.5750015377998352	1.3982429504394531	0.41774630546569824	1.3618944883346558	0.5748815536499023	1.9287101030349731	0.39667731523513794	1.9151290655136108	0.5238335728645325	2.415149688720703	0.32717636227607727	2.452822208404541	0.5060412287712097	2.474140167236328	0.29396748542785645	2.522476912	0.5227111577987671	2.5629467964172363	0.3553207218647003	2.601696252822876
neutral_standing	0.4851089417934418	0.2866441011428833	0.5104184150695801	0.22865010797977448	0.5256847739219666	0.2293376624584198	0.540333092	0.23015059530735016	0.4645739197731018	0.22755518555641174	0.4496288299560547	0.22738835215568542	0.4350322186946869	0.22752168774604797	0.5597987771034241	0.253783643	0.4135654866695404	0.2510986030101776	0.5139807462692261	0.3406905233860016	0.4578022062778473	0.33774951100349426	0.6711159944534302	0.5693779587745667	0.279789001	0.5813971161842346	0.7602678537368774	0.9302443861961365	0.1653994917869568	0.9554101228713989	0.7897955179214478	1.2891371250152588	0.11540523916482925	1.2774605751037598	0.80902338	1.4081790447235107	0.090421401	1.3877434730529785	0.7715386152267456	1.4072774648666382	0.125063956	1.3795146942138672	0.7592893838882446	1.3621994256973267	0.13861188292503357	1.3378424644470215	0.6122005581855774	1.3336942195892334	0.3447422981262207	1.3438376188278198	0.6249110698699951	1.9567186832427979	0.37271934747695923	1.9472079277038574	0.6586105823516846	2.5158612728118896	0.4150809645652771	2.499048948287964	0.6709671020507812	2.6090071201324463	0.4238303601741791	2.587993860244751	0.6163346171379089	2.6755876541137695	0.4324134290218353	2.6610665321350098
sitting_neutral	0.50001514	0.3959377408027649	0.518142045	0.3451240658760071	0.5306928753852844	0.34557443857192993	0.5427995920181274	0.3462534546852112	0.480196476	0.3447099030017853	0.46510809659957886	0.34508782625198364	0.4499494433403015	0.34553223848342896	0.5535436272621155	0.36681121587753296	0.4217187464237213	0.3641660511493683	0.5225154161453247	0.4425562620162964	0.4722931981086731	0.44146162271499634	0.6623328328132629	0.6768162846565247	0.2819823622703552	0.6549050211906433	0.7757334113121033	0.9925320744514465	0.13864241540431976	0.9843606352806091	0.8007607460021973	1.285066843032837	0.16500058770179749	1.228838562965393	0.8280178904533386	1.3783406019210815	0.1609492301940918	1.3104568719863892	0.7963417172431946	1.3786653280258179	0.2030787467956543	1.2913892269134521	0.779841423	1.3466668128967285	0.20916748	1.2658017873764038	0.6057189702987671	1.3588471412658691	0.3557977080345154	1.373197317123413	0.6225613951683044	1.9415842294692993	0.3842957317829132	1.935598611831665	0.6435692310333252	2.4580507278442383	0.4171026349067688	2.434983491897583	0.6485387086868286	2.5438361167907715	0.42030245065689087	2.514744997024536	0.6182903051376343	2.6078217029571533	0.44046837091445923	2.5847694873809814
arms_crossed_refusal	0.4681716859340668	0.373145729	0.48701971769332886	0.32585957646369934	0.49951881170272827	0.3257406949996948	0.5112633109092712	0.3257024884223938	0.4469282031059265	0.3278530538082123	0.43248945474624634	0.3285737633705139	0.4182998538017273	0.3293224573135376	0.523805559	0.3413145840167999	0.3940495550632477	0.3438902199268341	0.49060478806495667	0.42249783873558044	0.4405639171600342	0.4278481900691986	0.6290816068649292	0.5743111371994019	0.2859734892845154	0.5988962054252625	0.8180185556411743	0.773621678	0.20503708720207214	0.8726150393486023	0.5389920473098755	0.7188056111335754	0.446732759	0.8453330993652344	0.49652355909347534	0.7256603837013245	0.5073798894882202	0.8760718107223511	0.45443063974380493	0.6886400580406189	0.5298576951026917	0.8343469500541687	0.44994550943374634	0.6925164461135864	0.5148502588272095	0.8374866247177124	0.6016116738319397	1.217761754989624	0.36276885867118835	1.2260371446609497	0.590962827	1.7582557201385498	0.36144810914993286	1.749156117	0.5800458192825317	2.2408342361450195	0.366227388	2.2311410903930664	0.5802032947540283	2.307753562927246	0.36193937063217163	2.297952890396118	0.5549405813217163	2.3755574226379395	0.3800944983959198	2.371904134750366
phone_hunch	0.46206116676330566	0.3791121542453766	0.4779188632965088	0.3214784264564514	0.4905056059360504	0.32087141275405884	0.5020732879638672	0.3205533027648926	0.43693119287490845	0.32146400213241577	0.4200323522090912	0.3211377263069153	0.4028240144252777	0.3213166892528534	0.5101087689399719	0.335595965	0.3685043454170227	0.3374025523662567	0.4852316379547119	0.437814862	0.43219250440597534	0.43661749362945557	0.622329831	0.6251452565193176	0.23579415678977966	0.6403274536132812	0.8753019571304321	0.8594565987586975	0.12302128970623016	0.9475124478340149	0.6888766884803772	0.7693235278129578	0.41003236174583435	0.9444601535797119	0.6398913264274597	0.7419976592063904	0.5154496431350708	0.9386768937110901	0.6040522456169128	0.6736509203910828	0.5141284465789795	0.878562331	0.6059261560440063	0.6977896094322205	0.5080048441886902	0.881515384	0.5922318696975708	1.3691145181655884	0.3117499053478241	1.3746615648269653	0.5915054082870483	1.9861541986465454	0.33105137944221497	1.972706676	0.5823705196380615	2.5390639305114746	0.33781370520591736	2.4947941303253174	0.5837042331695557	2.624002695083618	0.3334828317165375	2.564354419708252	0.5627694129943848	2.697974920272827	0.37536290287971497	2.6716177463531494
wiping_table	0.45544594526290894	0.39997217059135437	0.4704093039035797	0.34121590852737427	0.4836231768131256	0.33940237760543823	0.4954330325126648	0.3379947245121002	0.42814579606056213	0.34317919611930847	0.41144123673439026	0.34267789125442505	0.39482778310775757	0.34251847863197327	0.5044189095497131	0.3487793505191803	0.36217162013053894	0.3548545837402344	0.4796752333641052	0.45160049200057983	0.4295998215675354	0.45546162128448486	0.6244357228279114	0.6201572418212891	0.22827263176441193	0.6445291638374329	0.910737157	0.8561426401138306	0.11970905214548111	1.0013433694839478	0.6959909200668335	0.8210878372192383	0.096909069	1.360778809	0.6626285314559937	0.8609691858291626	0.070446916	1.4775410890579224	0.6028884053230286	0.8437466025352478	0.1183166652917862	1.4883939027786255	0.605501115	0.8418281078338623	0.13101908564567566	1.448180079460144	0.5833542346954346	1.3594404458999634	0.31732624769210815	1.3763405084609985	0.6046056747436523	1.986322283744812	0.3490563631057739	1.9789674282073975	0.619552493	2.515331268310547	0.37605658173561096	2.5143256187438965	0.6256359219551086	2.6060571670532227	0.37443432211875916	2.603259325027466	0.602377713	2.671492338180542	0.4236740469932556	2.674041748046875
picking_up_items	0.4443076550960541	0.4095519185066223	0.4613167345523834	0.34226566553115845	0.4734680652618408	0.33946526050567627	0.4844815731048584	0.33699509501457214	0.41781240701675415	0.3453628122806549	0.39951151609420776	0.34426355361938477	0.38131648302078247	0.3429422080516815	0.48360171914100647	0.34609562158584595	0.34590664505958557	0.3491365313529968	0.4586777091026306	0.4658883512020111	0.412466824	0.473123699	0.5767139792442322	0.5986002683639526	0.1958933174610138	0.6492154598236084	0.8877208828926086	0.8009979724884033	0.13124440610408783	0.9903029799461365	0.7619169354438782	0.7391521334648132	0.12348701804876328	1.3585052490234375	0.7647411823272705	0.7494239211082458	0.095084488	1.4845958948135376	0.713417649	0.7514000535011292	0.14558663964271545	1.4919676780700684	0.7030706405639648	0.7594866156578064	0.15719762444496155	1.4466036558151245	0.5700454711914062	1.3459892272949219	0.29930344223976135	1.378949761390686	0.602940023	1.943123459815979	0.3325963318347931	1.9859124422073364	0.6290616989135742	2.5292747020721436	0.35965317487716675	2.5930161476135254	0.6314325332641602	2.6284842491149902	0.3578636050224304	2.6936328411102295	0.6291002035140991	2.698242425918579	0.4170409142971039	2.7611303329467773
carrying_laundry	0.4366447329521179	0.38788238167762756	0.45513638854026794	0.3267582356929779	0.46841925382614136	0.32487285137176514	0.4806334376335144	0.3233093321323395	0.4084751605987549	0.3315638303756714	0.38968533277511597	0.33258914947509766	0.37201058864593506	0.3339175879955292	0.4967896044254303	0.3351627290248871	0.34497779607772827	0.34866708517074585	0.4637231230735779	0.44024956226348877	0.40914925932884216	0.4494214653968811	0.6167398691177368	0.6036397218704224	0.24113433063030243	0.6242172718048096	0.8014551997184753	0.9386839270591736	0.22495833039283752	0.998872697	0.6936962008476257	0.6162684559822083	0.4008065164089203	0.7089475393295288	0.6909088492393494	0.5382289886474609	0.43888863921165466	0.6307443380355835	0.6612142324447632	0.5161120295524597	0.44108638167381287	0.5762594938278198	0.6565941572189331	0.5416198372840881	0.44198185205459595	0.618325412	0.5971052646636963	1.2445995807647705	0.33323556184768677	1.2528692483901978	0.6042981743812561	1.7813301086425781	0.36930903792381287	1.803336262702942	0.6024283170700073	2.2562403678894043	0.3679998517036438	2.2850680351257324	0.6038894057273865	2.329754590988159	0.3570658266544342	2.3514795303344727	0.587347686	2.388747453689575	0.4193161427974701	2.438521385192871
reading_time	0.4675900936126709	0.45820125937461853	0.49613362550735474	0.3790351152420044	0.5113807916641235	0.3739992082118988	0.5246448516845703	0.36936455965042114	0.4450148046016693	0.3841709792613983	0.42695897817611694	0.3816130459308624	0.4099348187446594	0.3782263398170471	0.5410028100013733	0.3704913258552551	0.38898178935050964	0.3728601336479187	0.4957101345062256	0.49862635135650635	0.4399815499782562	0.5019523501396179	0.6498759984970093	0.6496635675430298	0.24935376644134521	0.6214169859886169	0.6979706883430481	1.0671823024749756	0.19206617772579193	1.0105361938476562	0.5577004551887512	0.8461369276046753	0.3103151321411133	0.8154821395874023	0.5262710452079773	0.737037718	0.33130133152008057	0.7280231714248657	0.5437268018722534	0.6899845004081726	0.3270915150642395	0.670913577	0.5406174659729004	0.7162620425224304	0.33446231484413147	0.7346376776695251	0.5844258069992065	1.2241464853286743	0.31046468019485474	1.1979466676712036	0.5795246362686157	1.7458637952804565	0.32380783557891846	1.7434303760528564	0.5631266832351685	2.2373390197753906	0.3126128613948822	2.2396345138549805	0.5695571303367615	2.304903268814087	0.3103174865245819	2.3066933155059814	0.5136739015579224	2.3853952884674072	0.3318556249141693	2.395953416824341
idle_standing	0.47671929001808167	0.24118977785110474	0.5003569722175598	0.18494802713394165	0.5163185596466064	0.1858396977186203	0.5315190553665161	0.18677935004234314	0.4517480731010437	0.18477581441402435	0.4351564049720764	0.18538802862167358	0.41933101415634155	0.186839297	0.5529568791389465	0.21415182948112488	0.3973175287246704	0.2180418223142624	0.5118142366409302	0.2998729944229126	0.4485684931278229	0.29806438088417053	0.6905872225761414	0.5566042065620422	0.2664357125759125	0.5793160796165466	0.8038293719291687	0.9262522459030151	0.1649208515882492	0.9602571725845337	0.8443120718002319	1.293016791343689	0.11385935544967651	1.326398253440857	0.8967267274856567	1.4278219938278198	0.074009635	1.4447438716888428	0.8504818081855774	1.4405335187911987	0.11059931665658951	1.4604451656341553	0.8355256915092468	1.3898600339889526	0.12906669080257416	1.4139829874038696	0.6396859884262085	1.3478565216064453	0.3556467294692993	1.3408544063568115	0.6492069959640503	2.008521318435669	0.3827208876609802	2.0022072792053223	0.6684087514877319	2.5605061054229736	0.40580567717552185	2.5697367191314697	0.6789498329162598	2.656588077545166	0.40516194701194763	2.6652214527130127	0.6283761262893677	2.720003843307495	0.44799238443374634	2.7327818870544434
neutral_standing	0.4820167124271393	0.2382805347442627	0.5092768669128418	0.1786908060312271	0.5265514850616455	0.18050485849380493	0.542519212	0.1823263019323349	0.4602724015712738	0.17440366744995117	0.4448356032371521	0.1732744723558426	0.4294697344303131	0.17242738604545593	0.5668964385986328	0.21120087802410126	0.4064718782901764	0.20071591436862946	0.5155263543128967	0.3023371994495392	0.451709509	0.29498356580734253	0.685987115	0.5738702416419983	0.25598829984664917	0.5664655566215515	0.7721961736679077	0.94635886	0.141853929	0.9530743360519409	0.8276135325431824	1.3384268283843994	0.10251637548208237	1.355438470840454	0.8748038411140442	1.4889005422592163	0.061152376	1.4865646362304688	0.8319969177246094	1.4958425760269165	0.11010120064020157	1.4949281215667725	0.8128882646560669	1.4459707736968994	0.12807002663612366	1.4449527263641357	0.6197722554206848	1.4013359546661377	0.33119088411331177	1.4129489660263062	0.6300855875015259	2.095426082611084	0.357310951	2.0816166400909424	0.6641521453857422	2.7027170658111572	0.4011445641517639	2.6803526878356934	0.6784524917602539	2.80389142	0.4085632860660553	2.7781472206115723	0.6152654886245728	2.8759543895721436	0.4212804436683655	2.8555009365081787
phone_hunch	0.5610091686248779	0.5856172442436218	0.5968056917190552	0.49641120433807373	0.6117359399795532	0.4923238158226013	0.6267789602279663	0.48692411184310913	0.5441913604736328	0.48933619260787964	0.5228736996650696	0.47890692949295044	0.503281832	0.46267691254615784	0.6254151463508606	0.4584120810031891	0.4639458656311035	0.4230183959007263	0.5757550001144409	0.6262308359146118	0.5123943090438843	0.6083816289901733	0.687818706	0.7000947594642639	0.25264936685562134	0.6398583054542542	0.7428520917892456	1.1750893592834473	0.13036899268627167	1.027728558	0.6456774473190308	0.9853242039680481	0.13879725337028503	1.3507142066955566	0.637264609	0.9655434489250183	0.11914817243814468	1.4321404695510864	0.6001557111740112	0.8915048241615295	0.15065178275108337	1.422390103340149	0.5946210026741028	0.8989293575286865	0.1676558405160904	1.3976359367370605	0.572604239	1.4427987337112427	0.2905903458595276	1.415061354637146	0.5672259330749512	2.104560375213623	0.2989598214626312	2.085986375808716	0.5356539487838745	2.6265957355499268	0.2750743627548218	2.635143280029297	0.5185317993164062	2.711522340774536	0.2575833201408386	2.7195346355438232	0.5370754599571228	2.7977638244628906	0.3312849700450897	2.8194785118103027
head_down_inactive	0.5108535289764404	0.7227973341941833	0.5526617169380188	0.6538327932357788	0.5672653913497925	0.6504170894622803	0.583646297	0.6418637633323669	0.49843913316726685	0.6440592408180237	0.4748659133911133	0.6281112432479858	0.4604250490665436	0.6198864579200745	0.5875938534736633	0.5835226774215698	0.4258304536342621	0.566880465	0.5352460741996765	0.7366099953651428	0.4716227650642395	0.7270236611366272	0.6843891143798828	0.7148035764694214	0.2462577074766159	0.6885896325111389	0.7374751567840576	1.0020997524261475	0.1690732091665268	0.9669092297554016	0.7679144144058228	1.3417072296142578	0.11949893087148666	1.3262407779693604	0.782453179	1.4218500852584839	0.09017776	1.4056243896484375	0.7711480855941772	1.4081339836120605	0.11303459107875824	1.4028642177581787	0.7526573538780212	1.3852553367614746	0.13508214056491852	1.380150556564331	0.5793800354003906	1.2911227941513062	0.32342174649238586	1.2956602573394775	0.5999408960342407	1.8511489629745483	0.3523056209087372	1.8895198106765747	0.5889907479286194	2.2858433723449707	0.3508011996746063	2.352199077606201	0.5792723298072815	2.3418962955474854	0.3409973978996277	2.4075777530670166	0.5833636522293091	2.4545481204986572	0.38893112540245056	2.5349273681640625
lying_down	0.8980399966239929	0.7360213994979858	0.9208126068115234	0.7245139479637146	0.9196918606758118	0.733653188	0.9190508723258972	0.7403858304023743	0.9155766367912292	0.702019989	0.9121406674385071	0.6954696178436279	0.9059188961982727	0.6854456067085266	0.898341179	0.7350105047225952	0.8589062690734863	0.6413212418556213	0.857840359	0.7564763426780701	0.8498314619064331	0.7072790265083313	0.7905310392379761	0.8016492128372192	0.5893735289573669	0.5934123992919922	0.6550207734107971	1.0768128633499146	0.35885757207870483	0.8534291386604309	0.6493567228317261	1.1697008609771729	0.348665714	1.0800225734710693	0.656460702	1.2026925086975098	0.3287980556488037	1.138862967	0.6739507913589478	1.1979671716690063	0.3664197325706482	1.1452221870422363	0.6609989404678345	1.184092641	0.376421183	1.1277321577072144	0.6643186807632446	1.3407673835754395	0.49767979979515076	1.275124192237854	0.6073657274246216	1.8377174139022827	0.43119102716445923	1.7997714281082153	0.5289533734321594	2.293215274810791	0.3424486815929413	2.2917542457580566	0.5074517130851746	2.3520708084106445	0.30584433674812317	2.3542001247406006	0.5165829062461853	2.4310710430145264	0.3659657835960388	2.4425251483917236
arms_crossed_refusal	0.45689424872398376	0.3593706488609314	0.47710132598876953	0.3025417923927307	0.4914029538631439	0.3009355664253235	0.5041706562042236	0.30007579922676086	0.4317282736301422	0.3069644570350647	0.414599746	0.30814415216445923	0.39804115891456604	0.3096325695514679	0.5207502245903015	0.3141421675682068	0.36896467208862305	0.32475894689559937	0.4853495955467224	0.40966224670410156	0.4273132383823395	0.4157479405403137	0.6338402032852173	0.595503032	0.24558362364768982	0.6161326169967651	0.7494338154792786	0.919262171	0.1834898591041565	0.952582598	0.5728521943092346	0.975797713	0.35352784395217896	1.0163062810897827	0.5517529249191284	1.0152769088745117	0.40980690717697144	1.075744867324829	0.5213862657546997	0.9803720116615295	0.43986406922340393	1.0166581869125366	0.5234571695327759	0.9387728571891785	0.4291064143180847	1.0036569833755493	0.6154694557189941	1.2948209047317505	0.34723854064941406	1.3122708797454834	0.6317132711410522	1.8589030504226685	0.38433948159217834	1.8624812364578247	0.6612598896026611	2.3897974491119385	0.42506664991378784	2.375248908996582	0.6723934412002563	2.473562479019165	0.43051213026046753	2.449967146	0.6317180395126343	2.5519845485687256	0.4525277614593506	2.5418050289154053
sitting_neutral	0.4967135488986969	0.3900059163570404	0.5168114900588989	0.33800122141838074	0.5302871465682983	0.3373130261898041	0.5431817770004272	0.33696040511131287	0.4751702845096588	0.340830922	0.4604645371437073	0.3420969545841217	0.44623875617980957	0.3436986207962036	0.5557695031166077	0.35457167	0.4229814112186432	0.36485108733177185	0.5236769914627075	0.4347400665283203	0.47029680013656616	0.43879708647727966	0.6697036027908325	0.6522873640060425	0.30214419960975647	0.6567379832267761	0.7880815267562866	0.9680713415145874	0.17567792534828186	1.002939224243164	0.7325592637062073	1.1273549795150757	0.3812795877456665	0.9504474997520447	0.7210665941238403	1.1952805519104004	0.4224849343299866	0.9474680423736572	0.6851006746292114	1.1801846027374268	0.45143604278564453	0.9030234813690186	0.6831017136573792	1.1583449840545654	0.4485316276550293	0.9019481539726257	0.6500731110572815	1.3146265745162964	0.3976631462574005	1.3249626159667969	0.6638972759246826	1.878615140914917	0.4241276681423187	1.8883869647979736	0.6765033006668091	2.3647258281707764	0.4487191140651703	2.368480682373047	0.6819391250610352	2.4510273933410645	0.447360098	2.449604034423828	0.6559487581253052	2.516815423965454	0.4961753785610199	2.5301356315612793
arms_crossed_refusal	0.4706840515136719	0.3949384093284607	0.4950464367866516	0.3419620394706726	0.509126604	0.34059008955955505	0.5214728116989136	0.3395289480686188	0.4488052427768707	0.34499940276145935	0.43216267228126526	0.3452592194080353	0.4177056849002838	0.3454815149307251	0.538876474	0.3501725196838379	0.3983071446418762	0.354260117	0.4998322129249573	0.44270676374435425	0.4433787763118744	0.4481216371059418	0.6432868242263794	0.594805121	0.2939603924751282	0.5980256795883179	0.7626242637634277	0.9310117959976196	0.20487749576568604	0.9059280753135681	0.5290852785110474	0.8121102452278137	0.3574802279472351	0.9656475186347961	0.465330034	0.7833324670791626	0.39034587144851685	1.0031083822250366	0.44309020042419434	0.7251405715942383	0.4188157916069031	0.9515634775161743	0.4541780948638916	0.7458159327507019	0.414161742	0.9458132386207581	0.6151347160339355	1.2090098857879639	0.3717651665210724	1.2082339525222778	0.617994487	1.6707956790924072	0.3987029194831848	1.6457301378250122	0.6335708498954773	2.1853513717651367	0.4302406907081604	2.1574769020080566	0.6422549486160278	2.258671998977661	0.4384893476963043	2.2329201698303223	0.6007030606269836	2.357020139694214	0.44174957275390625	2.3194169998168945
sweeping_motion	0.5061603784561157	0.3987886607646942	0.5285228490829468	0.34778186678886414	0.5416962504386902	0.3474269211292267	0.5536285638809204	0.3472574055194855	0.4816809594631195	0.34610041975975037	0.4640478193759918	0.34477248787879944	0.44898858666419983	0.34392184019088745	0.5631000995635986	0.3594183325767517	0.4270506501197815	0.3497708737850189	0.528471828	0.4520113170146942	0.4677495062351227	0.45550280809402466	0.6696279644966125	0.6495543122291565	0.3000825345516205	0.6064762473106384	0.7297687530517578	1.0451836585998535	0.063855648	0.9422931671142578	0.5075911283493042	0.7878690958023071	0.14329537749290466	0.8374682068824768	0.4544445872306824	0.7387529611587524	0.17249524593353271	0.8081403374671936	0.4122605323791504	0.6480544805526733	0.21661916375160217	0.7426897287368774	0.442085326	0.6858750581741333	0.21470101177692413	0.7550055384635925	0.5965693593025208	1.2871744632720947	0.3120552897453308	1.2323415279388428	0.5520999431610107	1.845641016960144	0.30158066749572754	1.7798173427581787	0.5324159264564514	2.348086119	0.27931874990463257	2.281913995742798	0.535834551	2.422386884689331	0.27226176857948303	2.344176769256592	0.4870971143245697	2.5048797130584717	0.3061997592449188	2.4618022441864014
wiping_table	0.45446211099624634	0.41004326939582825	0.4680135250091553	0.352772057	0.4805966317653656	0.3501511216163635	0.4921809136867523	0.34813499450683594	0.4254421591758728	0.3552425801753998	0.4081602990627289	0.3548380434513092	0.3916947841644287	0.3549228608608246	0.49873337149620056	0.35342440009117126	0.3580828607082367	0.36553528904914856	0.4778715670108795	0.4639950692653656	0.4275127053260803	0.46918413043022156	0.625395656	0.6146783232688904	0.22870564460754395	0.6496827006340027	0.9025673866271973	0.7607213854789734	0.11623764038085938	1.0068148374557495	0.6305662393569946	0.8139389157295227	0.28488367795944214	1.0914592742919922	0.5740708708763123	0.859288752	0.3348842263221741	1.0925923585891724	0.526790977	0.8385016322135925	0.377703995	0.9531868100166321	0.5322662591934204	0.8315832018852234	0.3720514178276062	0.9541376233100891	0.5791959762573242	1.3557066917419434	0.3081628978252411	1.3727580308914185	0.5832086205482483	2.0033233165740967	0.3244214653968811	1.975564956665039	0.5788264274597168	2.524268865585327	0.334421307	2.5045483112335205	0.5790044069290161	2.614257813	0.32608354091644287	2.5854251384735107	0.5627061128616333	2.6819851398468018	0.3792667090892792	2.672198772
picking_up_items	0.4439736306667328	0.41247957944869995	0.4602630138397217	0.3527577519416809	0.4734286665916443	0.35027945041656494	0.4855809211730957	0.3480607867240906	0.4157446324825287	0.3551067113876343	0.39852410554885864	0.3547116219997406	0.38217097520828247	0.3544306457042694	0.4901103377342224	0.35671788454055786	0.3495813012123108	0.3654822111129761	0.4692695140838623	0.4688211679458618	0.41466936469078064	0.4725898504257202	0.6338033676147461	0.654312015	0.21348540484905243	0.6771179437637329	0.962219238	0.7524518370628357	0.13090573251247406	1.0257036685943604	0.7294516563415527	0.6693690419197083	0.16802474856376648	1.4014179706573486	0.693222702	0.7039458751678467	0.1485022008419037	1.5278582572937012	0.6421705484390259	0.7030441761016846	0.20992524921894073	1.532090425491333	0.641652524	0.7015179991722107	0.22118911147117615	1.4883410930633545	0.6102144122123718	1.4663714170455933	0.31978562474250793	1.4888488054275513	0.615017295	2.1603381633758545	0.3429124057292938	2.1457343101501465	0.6072291135787964	2.7423787117004395	0.3487822711467743	2.7248823642730713	0.6080425381660461	2.8416144847869873	0.34435251355171204	2.8211658000946045	0.5901357531547546	2.9156548976898193	0.4014294743537903	2.901073455810547
folding_clothes_motion	0.4658409059047699	0.41949355602264404	0.47892847657203674	0.35308602452278137	0.49045079946517944	0.350016713	0.5010277032852173	0.3475445806980133	0.43672531843185425	0.3551683723926544	0.417074978	0.3537136912345886	0.39617252349853516	0.3528612554073334	0.5021340847015381	0.35501205921173096	0.355716735	0.36154595017433167	0.48295554518699646	0.4736790359020233	0.4346283972263336	0.48049119114875793	0.6246839165687561	0.6018672585487366	0.22716717422008514	0.6507347226142883	0.9355021715164185	0.6219514012336731	0.043443962931632996	0.8738987445831299	0.6462562084197998	0.757456899	0.27890610694885254	0.8736265897750854	0.5743905305862427	0.794139028	0.3182060122489929	0.8772405982017517	0.5241405367851257	0.7840055227279663	0.35422560572624207	0.8256673812866211	0.534487784	0.7785243391990662	0.35103896260261536	0.8278518915176392	0.6248725652694702	1.351227879524231	0.34157702326774597	1.3863497972488403	0.6262086033821106	1.9808461666107178	0.3584194481372833	2.0114190578460693	0.6001349091529846	2.539950370788574	0.3518855571746826	2.576612710952759	0.5958513021469116	2.628067970275879	0.33949407935142517	2.6578288078308105	0.5918062329292297	2.707007646560669	0.39733490347862244	2.7543423175811768
carrying_laundry	0.4507049024105072	0.3870844841003418	0.471895307	0.32843339443206787	0.4860154688358307	0.32671087980270386	0.4988178312778473	0.32522183656692505	0.42422690987586975	0.3318612277507782	0.40764927864074707	0.3322671055793762	0.392268568	0.3328770697116852	0.5155296325683594	0.344324529	0.37135618925094604	0.3480619192123413	0.4815962314605713	0.43829241394996643	0.423143208	0.43925145268440247	0.6330006718635559	0.6325317621231079	0.24671995639801025	0.6378095149993896	0.7778047323226929	0.9423074126243591	0.25246503949165344	0.9246364831924438	0.6703389883041382	0.6288160681724548	0.5517820715904236	0.6999720335006714	0.6725699305534363	0.5363047122955322	0.6184691190719604	0.6004511713981628	0.6447145342826843	0.5070451498031616	0.6146067380905151	0.5571950674057007	0.6366069316864014	0.5413171052932739	0.5807884931564331	0.5948504209518433	0.5838683843612671	1.3680344820022583	0.30858826637268066	1.3603085279464722	0.5894759893417358	1.9480732679367065	0.3376137912273407	1.940080165863037	0.5933828949928284	2.4948017597198486	0.34987056255340576	2.461583375930786	0.598580003	2.579998254776001	0.3442491888999939	2.534959316253662	0.5693706274032593	2.642930746078491	0.38511019945144653	2.6275079250335693
making_bed_motion	0.5114290714263916	0.421751469	0.5366499423980713	0.36317363381385803	0.5504782199859619	0.3603616952896118	0.5677169561386108	0.35748419165611267	0.513007402	0.36545976996421814	0.5075520277023315	0.3636155128479004	0.5020907521247864	0.3611650764942169	0.6344860196113586	0.3654671013355255	0.5169917345046997	0.36100271344184875	0.5387288331985474	0.47543272376060486	0.5078809261322021	0.47494542598724365	0.7919175624847412	0.6585029363632202	0.452650249	0.6010597944259644	0.8466440439224243	0.9813464283943176	0.23937813937664032	0.8796308636665344	0.5613985657691956	0.9450289011001587	0.12396510690450668	0.8236615061759949	0.4903331398963928	0.9482958912849426	0.057298176	0.8375098705291748	0.47897282242774963	0.8815823793411255	0.08330252	0.8165464997291565	0.49602431058883667	0.8872621655464172	0.12027621269226074	0.8138536810874939	0.7667996883392334	1.3123408555984497	0.5204872488975525	1.299061656	0.7306951284408569	1.8310140371322632	0.49941712617874146	1.8137097358703613	0.7451239824295044	2.3783645629882812	0.5190542936325073	2.3716163635253906	0.7682710886001587	2.451744794845581	0.53451246	2.457425832748413	0.6469677686691284	2.545588254928589	0.47603344917297363	2.5129647254943848
reading_time	0.5092073678970337	0.44709065556526184	0.5176010727882385	0.37804821133613586	0.5226166844367981	0.3790605664253235	0.5273883938789368	0.38162562251091003	0.4889138638973236	0.363209069	0.47317343950271606	0.35217908024787903	0.4562145173549652	0.3443092703819275	0.4849309027194977	0.38285085558891296	0.3938906192779541	0.3510246276855469	0.4982711374759674	0.5131891965866089	0.4604679048061371	0.49766847491264343	0.5178669095039368	0.7208064198493958	0.15257538855075836	0.6194794178009033	0.6773909330368042	0.9597375392913818	0.191078782	0.8617964386940002	0.6612148284912109	0.8322957158088684	0.5564292073249817	0.8583414554595947	0.7067087292671204	0.7964964509010315	0.6247498393058777	0.8300026655197144	0.6751046180725098	0.7614948153495789	0.6445378065109253	0.7874008417129517	0.6441790461540222	0.7814425230026245	0.6113965511322021	0.8033035397529602	0.4694167673587799	1.5935808420181274	0.1784152388572693	1.5813897848129272	0.46013393998146057	2.153027296066284	0.17850364744663239	2.208085536956787	0.42705559730529785	2.908341169	0.1386568546295166	2.9860081672668457	0.4204574227333069	3.0155155658721924	0.1253196895122528	3.097848653793335	0.42221707105636597	3.119337558746338	0.17494520545005798	3.197044610977173
idle_standing	0.44628438353538513	0.3311419188976288	0.4732174873352051	0.2765570878982544	0.4924420714378357	0.277108759	0.5137978792190552	0.2794479727745056	0.43919986486434937	0.28075459599494934	0.43214544653892517	0.2821725904941559	0.42539238929748535	0.28332528471946716	0.5602830052375793	0.3151336908340454	0.4305121898651123	0.31205329298973083	0.4823600649833679	0.39318814873695374	0.4360480308532715	0.3914034962654114	0.7305217981338501	0.6763304471969604	0.32393187284469604	0.6684302091598511	0.830560029	1.0337814092636108	0.2217317819595337	0.9749494791030884	0.8341349363327026	1.384789228439331	0.15321345627307892	1.316265583	0.8501244783401489	1.4883315563201904	0.11639364063739777	1.4247546195983887	0.8228715062141418	1.4790656566619873	0.14353689551353455	1.4285489320755005	0.8096998333930969	1.437842607498169	0.16418567299842834	1.3890379667282104	0.6686457991600037	1.4473965167999268	0.3998425304889679	1.4441945552825928	0.6706869602203369	2.0665688514709473	0.4205559194087982	2.037252665	0.6904441714286804	2.655588388442993	0.4532771706581116	2.6132736206054688	0.7036740779876709	2.748701333999634	0.46580949425697327	2.707077980041504	0.6328734159469604	2.8206467628479004	0.4444448947906494	2.772660732269287
phone_hunch	0.6019936800003052	0.5587146282196045	0.6092022061347961	0.4829879105091095	0.6096851229667664	0.4831169843673706	0.6090925335884094	0.483357698	0.5895506143569946	0.4681723713874817	0.5761462450027466	0.45819810032844543	0.5606244802474976	0.44882240891456604	0.5483468174934387	0.47052207589149475	0.47988420724868774	0.4357103705406189	0.5644238591194153	0.6065905690193176	0.5372611284255981	0.5922741293907166	0.4826017916202545	0.6962897777557373	0.1799490600824356	0.6534196734428406	0.6027477383613586	1.1140230894088745	0.16416099667549133	1.074428915977478	0.7262459993362427	0.9678598046302795	0.4246438443660736	1.1241532564163208	0.7905803918838501	0.9270727038383484	0.47568821907043457	1.1622200012207031	0.7801213264465332	0.8913607001304626	0.5261291861534119	1.127030611038208	0.7530843019485474	0.9039913415908813	0.5094545483589172	1.1057888269424438	0.47915393114089966	1.6176161766052246	0.24197737872600555	1.6216133832931519	0.5435692071914673	2.1720309257507324	0.31300583481788635	2.2233686447143555	0.5137314796447754	2.9011423587799072	0.27440792322158813	2.9812798500061035	0.4843716025352478	2.9992995262145996	0.2333221733570099	3.0854501724243164	0.5720565915107727	3.1285364627838135	0.3742808401584625	3.207007884979248
head_down_inactive	0.26917821168899536	0.703231931	0.27884405851364136	0.6297813653945923	0.29728469252586365	0.6177378296852112	0.3329520523548126	0.6050137281417847	0.24606315791606903	0.6297082304954529	0.23996178805828094	0.6253826022148132	0.2257605493068695	0.6193760633468628	0.3769550621509552	0.5392574071884155	0.24366946518421173	0.5901996493339539	0.3168647885322571	0.7210727334022522	0.2675747275352478	0.7190079092979431	0.6424300670623779	0.7009447813034058	0.19867277145385742	0.7729611992835999	0.7509366273880005	1.0536677837371826	0.18450912833213806	1.1719965934753418	0.7291576862335205	1.371172308921814	0.16750328242778778	1.4978678226470947	0.7365445494651794	1.4555784463882446	0.14686188101768494	1.5897085666656494	0.7129824757575989	1.4402000904083252	0.15463024377822876	1.5859031677246094	0.7004619836807251	1.4144867658615112	0.1777564138174057	1.5521024465560913	0.6255841255187988	1.3541436195373535	0.34038594365119934	1.3894654512405396	0.6400173902511597	1.9810963869094849	0.38952895998954773	2.0163180828094482	0.6412341594696045	2.473231792449951	0.40244895219802856	2.5308384895324707	0.6447688937187195	2.5332276821136475	0.40389949083328247	2.5909535884857178	0.6002384424209595	2.6686923503875732	0.4227922856807709	2.7381958961486816
arms_crossed_refusal	0.4411237835884094	0.3784005045890808	0.4483909606933594	0.33896753191947937	0.45469075441360474	0.3407588303089142	0.461035818	0.34232011437416077	0.42039281129837036	0.3294534683227539	0.4071063995361328	0.32461580634117126	0.3914417624473572	0.3194550573825836	0.4431134760379791	0.35301944613456726	0.3341772258281708	0.3289879858493805	0.43809694051742554	0.43098607659339905	0.4063926339149475	0.4299602210521698	0.4801035523414612	0.6148307919502258	0.16276521980762482	0.5938249230384827	0.6700100302696228	0.8967278599739075	0.19960132241249084	0.8635911345481873	0.4265584945678711	0.8346987366676331	0.4823637902736664	0.8432393670082092	0.3648708760738373	0.8217806220054626	0.5507258772850037	0.8434267640113831	0.33270224928855896	0.7871696352958679	0.5529571175575256	0.814317524	0.33597543835639954	0.7948551774024963	0.5365008115768433	0.8231011629104614	0.46514496207237244	1.292802333831787	0.21834743	1.2887884378433228	0.478654146	1.7628344297409058	0.24309933185577393	1.779059648513794	0.46100384	2.3200814723968506	0.23654386401176453	2.344621181488037	0.4567762315273285	2.399178981781006	0.23334786295890808	2.4261691570281982	0.4555179476737976	2.4799652099609375	0.2604309916496277	2.5054612159729004
lying_down	0.934679389	0.5783268213272095	0.9646390080451965	0.5673657655715942	0.9729558229446411	0.5756025314331055	0.982428253	0.5840489864349365	0.9453444480895996	0.5523967742919922	0.9398583173751831	0.5504443049430847	0.9319227933883667	0.5480745434761047	0.9960813522338867	0.62459904	0.9121917486190796	0.5721330642700195	0.9268285036087036	0.6395940780639648	0.8995744585990906	0.6176039576530457	0.9868291020393372	0.8484904766082764	0.7582197785377502	0.7483730912208557	0.9150213003158569	1.0056531429290771	0.5603864789009094	0.9104690551757812	0.75042963	0.8237701058387756	0.7632877230644226	0.8861016631126404	0.708096445	0.778770387	0.8021990656852722	0.8963493704795837	0.7220800518989563	0.757399857	0.8459458351135254	0.8682178854942322	0.7322807312011719	0.7744302749633789	0.8378618955612183	0.8722048401832581	0.9434831738471985	1.490782618522644	0.7490526437759399	1.4563339948654175	0.9118960499763489	1.7097136974334717	0.6680530905723572	1.6229090690612793	0.8251978754997253	2.141740322113037	0.6568706035614014	2.090029478	0.8195251226425171	2.2010245323181152	0.668711782	2.167809009552002	0.7576543688774109	2.2616844177246094	0.6186913251876831	2.1890504360198975
lying_down	0.7265242338180542	0.6071642637252808	0.7507079839706421	0.5984402894973755	0.7615864872932434	0.6032769680023193	0.7726558446884155	0.6080958247184753	0.7258192896842957	0.5949186682701111	0.7180061936378479	0.5966681838035583	0.7115017771720886	0.5986502766609192	0.7943214178085327	0.6486597657203674	0.703110397	0.6316997408866882	0.7431700825691223	0.6556627154350281	0.7015710473060608	0.6521334052085876	0.8924423456192017	0.8973405957221985	0.5708334445953369	0.9246622323989868	0.9968401789665222	1.140399694442749	0.4756065905094147	1.2000598907470703	1.0130094289779663	1.3655893802642822	0.46299901604652405	1.4132053852081299	1.0341527462005615	1.4512659311294556	0.44547104835510254	1.4937595129013062	1.0112067461013794	1.4605846405029297	0.4682270586490631	1.494313121	0.9980850219726562	1.4323481321334839	0.4780355989933014	1.4668049812316895	0.8700541257858276	1.4578051567077637	0.6590818166732788	1.4772658348083496	0.8656797409057617	1.9290640354156494	0.6663599610328674	1.9501715898513794	0.869001031	2.3726398944854736	0.6748396158218384	2.3905270099639893	0.8678825497627258	2.441514253616333	0.6711796522140503	2.4611611366271973	0.8456594347953796	2.497065305709839	0.6985572576522827	2.509648323059082
sitting_neutral	0.47761815786361694	0.4591793119907379	0.49931007623672485	0.41548049449920654	0.5134022235870361	0.4147498309612274	0.5249638557434082	0.41416171193122864	0.4604988694190979	0.42001330852508545	0.4499078392982483	0.42195838689804077	0.44081640243530273	0.42415717244148254	0.538681149	0.4321645200252533	0.433999628	0.4428260624408722	0.5073502659797668	0.4973661005496979	0.4602638781070709	0.5014611482620239	0.6617036461830139	0.6981111764907837	0.33326655626296997	0.6926923394203186	0.7574065327644348	0.9890806078910828	0.23048675060272217	0.9746904969215393	0.5722349882125854	0.9429353475570679	0.2964758574962616	1.126462459564209	0.535921574	0.9277105927467346	0.3144966661930084	1.1923813819885254	0.5170405507087708	0.87964505	0.33999180793762207	1.161362886428833	0.5315726399421692	0.8892117738723755	0.33815836906433105	1.1460214853286743	0.6045799255371094	1.2799055576324463	0.38051536679267883	1.2765785455703735	0.6057009100914001	1.7816863059997559	0.39710503816604614	1.7354092597961426	0.6146922707557678	2.2433271408081055	0.41599053144454956	2.1841180324554443	0.6208345890045166	2.311798572540283	0.4176951050758362	2.2514123916625977	0.5809463262557983	2.384355068206787	0.4308192729949951	2.3219878673553467
arms_crossed_refusal	0.515649676	0.4082493185997009	0.5358991622924805	0.3577924370765686	0.5486610531806946	0.35756710171699524	0.5597746968269348	0.35695213079452515	0.4930504262447357	0.35824593901634216	0.4783005714416504	0.358670175	0.46505308151245117	0.3598092198371887	0.5752109289169312	0.3723394572734833	0.4503122866153717	0.3782797157764435	0.5425076484680176	0.4501529335975647	0.49005770683288574	0.4504128098487854	0.6969308257102966	0.6620680689811707	0.3421044945716858	0.6613540649414062	0.7929915189743042	0.9619787335395813	0.2573128938674927	0.9336192607879639	0.787798285	1.1847827434539795	0.24692754447460175	1.0451864004135132	0.7892516851425171	1.2685198783874512	0.23454296588897705	1.0917956829071045	0.7664981484413147	1.2509757280349731	0.25497326254844666	1.0548561811447144	0.7599315643310547	1.2245055437088013	0.26775774359703064	1.0444276332855225	0.6441092491149902	1.3028720617294312	0.41849270462989807	1.3106058835983276	0.6727517247200012	1.7855250835418701	0.4565071165561676	1.7711092233657837	0.6911492347717285	2.2809746265411377	0.4991936683654785	2.244530678	0.6969426870346069	2.3544743061065674	0.5054280757904053	2.316523551940918	0.6661388278007507	2.4322915077209473	0.5233801603317261	2.3862104415893555
wiping_table	0.5183427333831787	0.4304949939250946	0.5505563616752625	0.3703921139240265	0.567722499	0.3705224096775055	0.5874238014221191	0.3708174526691437	0.5230525732040405	0.3675520718097687	0.5169771909713745	0.3644387125968933	0.5107083916664124	0.3610454499721527	0.6405647397041321	0.38425788283348083	0.5232275724411011	0.36351436376571655	0.5491572022438049	0.49131637811660767	0.5122230648994446	0.4841005206108093	0.7978439331054688	0.7069470286369324	0.4236384332180023	0.6162174344062805	0.8591729998588562	1.0452135801315308	0.1978309601545334	0.7714519500732422	0.6733981370925903	0.9826239347457886	0.18078885972499847	0.8222705721855164	0.6288901567459106	0.9674980044364929	0.14798030257225037	0.8520424365997314	0.6362959146499634	0.9121335744857788	0.19043900072574615	0.8420020341873169	0.6442405581474304	0.9189435839653015	0.20448286831378937	0.8389126062393188	0.7288438081741333	1.401355504989624	0.4905775189399719	1.3549740314483643	0.7052363157272339	1.618597388267517	0.4866078495979309	1.4087469577789307	0.6963093876838684	2.0477964878082275	0.5524337291717529	1.7482589483261108	0.7136966586112976	2.1007275581359863	0.5744332075119019	1.8142222166061401	0.5961064100265503	2.187300682067871	0.5124566555023193	1.8216168880462646
wiping_table	0.5810545086860657	0.39811021089553833	0.6180738210678101	0.3445529639720917	0.6392301321029663	0.34551721811294556	0.6604182720184326	0.3465089499950409	0.5801166892051697	0.34152859449386597	0.5726913213729858	0.3396212160587311	0.5659878849983215	0.3375547230243683	0.6970126628875732	0.3676906228065491	0.5679467916488647	0.347701758	0.6137416958808899	0.46171659231185913	0.5667517781257629	0.4546230435371399	0.8256837725639343	0.7047828435897827	0.4612160325050354	0.6070086359977722	0.9119752645492554	1.0846748352050781	0.13130950927734375	0.7980956435203552	0.9107014536857605	1.401406168937683	0.24221864342689514	0.8045701384544373	0.9220658540725708	1.4995719194412231	0.26590436697006226	0.8422938585281372	0.8932782411575317	1.4843679666519165	0.32682475447654724	0.8217464685440063	0.8781720399856567	1.4560778141021729	0.3245890140533447	0.818513811	0.7490002512931824	1.3981980085372925	0.4604980945587158	1.3458985090255737	0.7064374089241028	1.986094355583191	0.4487905502319336	1.966258168	0.6757293343544006	2.5283026695251465	0.4207262098789215	2.502133608	0.6753237247467041	2.617405414581299	0.4186844229698181	2.585144043	0.6262959241867065	2.6875059604644775	0.4109797477722168	2.6658713817596436
picking_up_items	0.5638537406921387	0.4412044882774353	0.594227672	0.3835301101207733	0.6138026118278503	0.38173264265060425	0.6309178471565247	0.3799534738063812	0.5477720499038696	0.3838067054748535	0.5370533466339111	0.38186827301979065	0.5277185440063477	0.37957972288131714	0.6527795791625977	0.38863012194633484	0.5245848894119263	0.3803563714027405	0.6001022458076477	0.49702998995780945	0.5451987385749817	0.4908126890659332	0.7705888152122498	0.6688196659088135	0.42287880182266235	0.6066081523895264	0.8688099980354309	0.987297773	0.15664677321910858	0.6801944375038147	0.8233135342597961	1.1826043128967285	0.3398071527481079	0.7074615359306335	0.8258512616157532	1.2475454807281494	0.3808962404727936	0.7536989450454712	0.8045670390129089	1.2411434650421143	0.42645788192749023	0.762350857	0.7958135008811951	1.2223303318023682	0.4268375039100647	0.7684289813041687	0.7367913126945496	1.329245686531067	0.4996582567691803	1.3168199062347412	0.7246020436286926	1.6291910409927368	0.5038231015205383	1.6040235757827759	0.714838982	2.152458906173706	0.5065580606460571	2.093263626098633	0.7260605096817017	2.223836660385132	0.5207861065864563	2.167804479598999	0.6520535349845886	2.318133592605591	0.49838513135910034	2.227456808
carrying_laundry	0.5573247671127319	0.4240397810935974	0.5880654454231262	0.37928658723831177	0.6013882160186768	0.3822896182537079	0.6141050457954407	0.38445669412612915	0.5506488680839539	0.3625156581401825	0.5376641154289246	0.3541136682033539	0.5245620608329773	0.3457736670970917	0.6231201887130737	0.39435529708862305	0.5019240379333496	0.3475116491317749	0.5678470730781555	0.4789627194404602	0.5237705111503601	0.45827293395996094	0.6982172727584839	0.6434046030044556	0.35415443778038025	0.5808485150337219	0.6406782269477844	0.951046348	0.11332900822162628	0.874983549	0.43114152550697327	0.6388872265815735	0.2827843129634857	0.5418349504470825	0.3694933354854584	0.5321532487869263	0.30214643478393555	0.43177905678749084	0.3590685725212097	0.4390595853328705	0.3221955895423889	0.39921459555625916	0.3915539085865021	0.5274835824966431	0.3306899666786194	0.4349918067455292	0.6232859492301941	1.2647593021392822	0.3711686432361603	1.241119146347046	0.6117944121360779	1.7950197458267212	0.37301144003868103	1.7883415222167969	0.5994147062301636	2.280447483062744	0.35631266236305237	2.267292022705078	0.5988343954086304	2.3499345779418945	0.34652531147003174	2.331400156021118	0.5718372464179993	2.443626880645752	0.38672420382499695	2.438162326812744
making_bed_motion	0.7819156646728516	0.3787385821342468	0.8022531270980835	0.3364742696285248	0.8141277432441711	0.3388158082962036	0.8258547782897949	0.34123989939689636	0.7647508382797241	0.32870039343833923	0.7497006058692932	0.325671524	0.7346451878547668	0.3233169913291931	0.8362714052200317	0.35862264037132263	0.7026422023773193	0.3403160870075226	0.7988706827163696	0.42789995670318604	0.7457994818687439	0.42582136392593384	0.9309326410293579	0.6211788654327393	0.5857288837432861	0.5801935195922852	0.9989916086196899	0.8973398208618164	0.40082770586013794	0.7915502786636353	0.7890088558197021	0.6983752846717834	0.2878969609737396	0.6498699188232422	0.7323980927467346	0.6704118847846985	0.2172645628452301	0.5991595387458801	0.7176801562309265	0.6088811755180359	0.22633233666419983	0.6034435033798218	0.7294989824295044	0.6294708847999573	0.2699136435985565	0.6246349215507507	0.8986798524856567	1.207947850227356	0.6623299717903137	1.208754062652588	0.9094284176826477	1.6796283721923828	0.6831738948822021	1.712604046	0.9146350026130676	2.1505095958709717	0.6886008977890015	2.1888840198516846	0.9139782190322876	2.2221481800079346	0.681053877	2.2574758529663086	0.9059759974479675	2.288306951522827	0.7285253405570984	2.326242208480835
reading_time	0.4203953146934509	0.5057226419448853	0.43997207283973694	0.4383184611797333	0.45276275277137756	0.4345400035381317	0.467122883	0.4295370876789093	0.4175735414028168	0.4370855391025543	0.41360121965408325	0.43353378772735596	0.4100497364997864	0.42937609553337097	0.541835368	0.417782724	0.44137388467788696	0.41638627648353577	0.4562315046787262	0.5563786625862122	0.42576903104782104	0.5480669736862183	0.7270030379295349	0.7022842168807983	0.44146037101745605	0.6451942920684814	0.5421333312988281	1.117028832435608	0.32392409443855286	0.9428679347038269	0.21862034499645233	0.814868152	0.20123736560344696	0.7900494337081909	0.1387956589460373	0.7520854473114014	0.1264956146478653	0.7301234602928162	0.14556148648262024	0.7040737867355347	0.13852699100971222	0.6966179609298706	0.16999205946922302	0.7211511135101318	0.1709143966436386	0.7166073322296143	0.6988386511802673	1.3760857582092285	0.5101288557052612	1.3021317720413208	0.5802927017211914	1.5971500873565674	0.4076249599456787	1.3425174951553345	0.563673198	1.8833528757095337	0.43920978903770447	1.8108998537063599	0.5890063047409058	1.9105807542800903	0.4638696610927582	1.8903053998947144	0.4473392367362976	1.9954205751419067	0.370391309	1.9156662225723267
head_down_inactive	0.4886291027069092	0.7533900141716003	0.519241452	0.6819838881492615	0.5421676635742188	0.6689329743385315	0.5590598583221436	0.6529388427734375	0.4592878222465515	0.6904228925704956	0.44029727578163147	0.6851655840873718	0.42478853464126587	0.6768128275871277	0.5733289122581482	0.5906145572662354	0.4020138382911682	0.62550658	0.5311329960823059	0.7632073760032654	0.46228399872779846	0.7664139270782471	0.729905367	0.7060489654541016	0.2899918556213379	0.7895084023475647	0.8484606742858887	0.985499918	0.2256917506456375	1.0853960514068604	0.7514160871505737	1.1845966577529907	0.21608099341392517	1.4373081922531128	0.7361515164375305	1.2501274347305298	0.1950657218694687	1.5319843292236328	0.7178225517272949	1.2328444719314575	0.20916950702667236	1.5307486057281494	0.7131675481796265	1.2174867391586304	0.22873950004577637	1.497847318649292	0.6877903938293457	1.3199117183685303	0.4088839590549469	1.3570033311843872	0.7003698348999023	1.888039469718933	0.4459024965763092	1.9461119174957275	0.6881284713745117	2.355238914489746	0.45059242844581604	2.4392573833465576	0.6820364594459534	2.4163708686828613	0.444871187	2.497377872467041	0.6729534268379211	2.534689188	0.5017803311347961	2.6356136798858643
